,Year,Week,Home,Away,Score_Home,Score_Away
0,2017,1,Patriots,Chiefs,27,42
1,2017,1,Bears,Falcons,17,23
2,2017,1,Bills,Jets,21,12
3,2017,1,WFT,Eagles,17,30
4,2017,1,Titans,Raiders,16,26
5,2017,1,Texans,Jaguars,7,29
6,2017,1,Lions,Cardinals,35,23
7,2017,1,Browns,Steelers,18,21
8,2017,1,Bengals,Ravens,0,20
9,2017,1,Rams,Colts,46,9
10,2017,1,49ers,Panthers,3,23
11,2017,1,Packers,Seahawks,17,9
12,2017,1,Cowboys,Giants,19,3
13,2017,1,Vikings,Saints,29,19
14,2017,1,Broncos,Chargers,24,21
15,2017,2,Bengals,Texans,9,13
16,2017,2,Panthers,Bills,9,3
17,2017,2,Buccaneers,Bears,29,7
18,2017,2,Ravens,Browns,24,10
19,2017,2,Steelers,Vikings,26,9
20,2017,2,Saints,Patriots,20,36
21,2017,2,Chiefs,Eagles,27,20
22,2017,2,Jaguars,Titans,16,37
23,2017,2,Colts,Cardinals,13,16
24,2017,2,Chargers,Dolphins,17,19
25,2017,2,Raiders,Jets,45,20
26,2017,2,Seahawks,49ers,12,9
27,2017,2,Rams,WFT,20,27
28,2017,2,Broncos,Cowboys,42,17
29,2017,2,Falcons,Packers,34,23
30,2017,2,Giants,Lions,10,24
31,2017,3,49ers,Rams,39,41
32,2017,3,Jaguars,Ravens,44,7
33,2017,3,Panthers,Saints,13,34
34,2017,3,Bills,Broncos,26,16
35,2017,3,Eagles,Giants,27,24
36,2017,3,Jets,Dolphins,20,6
37,2017,3,Patriots,Texans,36,33
38,2017,3,Vikings,Buccaneers,34,17
39,2017,3,Lions,Falcons,26,30
40,2017,3,Colts,Browns,31,28
41,2017,3,Bears,Steelers,23,17
42,2017,3,Titans,Seahawks,33,27
43,2017,3,Chargers,Chiefs,10,24
44,2017,3,Packers,Bengals,27,24
45,2017,3,WFT,Raiders,27,10
46,2017,3,Cardinals,Cowboys,17,28
47,2017,4,Packers,Bears,35,14
48,2017,4,Dolphins,Saints,0,20
49,2017,4,Browns,Bengals,7,31
50,2017,4,Falcons,Bills,17,23
51,2017,4,Ravens,Steelers,9,26
52,2017,4,Jets,Jaguars,23,20
53,2017,4,Patriots,Panthers,30,33
54,2017,4,Vikings,Lions,7,14
55,2017,4,Texans,Titans,57,14
56,2017,4,Cowboys,Rams,30,35
57,2017,4,Buccaneers,Giants,25,23
58,2017,4,Chargers,Eagles,24,26
59,2017,4,Cardinals,49ers,18,15
60,2017,4,Broncos,Raiders,16,10
61,2017,4,Seahawks,Colts,46,18
62,2017,4,Chiefs,WFT,29,20
63,2017,5,Buccaneers,Patriots,14,19
64,2017,5,Browns,Jets,14,17
65,2017,5,Bengals,Bills,20,16
66,2017,5,Steelers,Jaguars,9,30
67,2017,5,Eagles,Cardinals,34,7
68,2017,5,Giants,Chargers,22,27
69,2017,5,Dolphins,Titans,16,10
70,2017,5,Lions,Panthers,24,27
71,2017,5,Colts,49ers,26,23
72,2017,5,Rams,Seahawks,10,16
73,2017,5,Raiders,Ravens,17,30
74,2017,5,Cowboys,Packers,31,35
75,2017,5,Texans,Chiefs,34,42
76,2017,5,Bears,Vikings,17,20
77,2017,6,Panthers,Eagles,23,28
78,2017,6,Falcons,Dolphins,17,20
79,2017,6,WFT,49ers,26,24
80,2017,6,Ravens,Bears,24,27
81,2017,6,Jets,Patriots,17,24
82,2017,6,Saints,Lions,52,38
83,2017,6,Vikings,Packers,23,10
84,2017,6,Texans,Browns,33,17
85,2017,6,Cardinals,Buccaneers,38,33
86,2017,6,Jaguars,Rams,17,27
87,2017,6,Raiders,Chargers,16,17
88,2017,6,Chiefs,Steelers,13,19
89,2017,6,Broncos,Giants,10,23
90,2017,6,Titans,Colts,36,22
91,2017,7,Raiders,Chiefs,31,30
92,2017,7,Bears,Panthers,17,3
93,2017,7,Bills,Buccaneers,30,27
94,2017,7,Rams,Cardinals,33,0
95,2017,7,Vikings,Ravens,24,16
96,2017,7,Dolphins,Jets,31,28
97,2017,7,Packers,Saints,17,26
98,2017,7,Colts,Jaguars,0,27
99,2017,7,Browns,Titans,9,12
100,2017,7,49ers,Cowboys,10,40
101,2017,7,Chargers,Broncos,21,0
102,2017,7,Steelers,Bengals,29,14
103,2017,7,Giants,Seahawks,7,24
104,2017,7,Patriots,Falcons,23,7
105,2017,7,Eagles,WFT,34,24
106,2017,8,Ravens,Dolphins,40,0
107,2017,8,Browns,Vikings,16,33
108,2017,8,Bengals,Colts,24,23
109,2017,8,Bills,Raiders,34,14
110,2017,8,Buccaneers,Panthers,3,17
111,2017,8,Eagles,49ers,33,10
112,2017,8,Jets,Falcons,20,25
113,2017,8,Patriots,Chargers,21,13
114,2017,8,Saints,Bears,20,12
115,2017,8,Seahawks,Texans,41,38
116,2017,8,WFT,Cowboys,19,33
117,2017,8,Lions,Steelers,15,20
118,2017,8,Chiefs,Broncos,29,19
119,2017,9,Jets,Bills,34,21
120,2017,9,Panthers,Falcons,20,17
121,2017,9,Eagles,Broncos,51,23
122,2017,9,Titans,Ravens,23,20
123,2017,9,Giants,Rams,17,51
124,2017,9,Saints,Buccaneers,30,10
125,2017,9,Jaguars,Bengals,23,7
126,2017,9,Texans,Colts,14,20
127,2017,9,49ers,Cardinals,10,20
128,2017,9,Seahawks,WFT,14,17
129,2017,9,Cowboys,Chiefs,28,17
130,2017,9,Dolphins,Raiders,24,27
131,2017,9,Packers,Lions,17,30
132,2017,10,Cardinals,Seahawks,16,22
133,2017,10,Bills,Saints,10,47
134,2017,10,WFT,Vikings,30,38
135,2017,10,Buccaneers,Jets,15,10
136,2017,10,Titans,Bengals,24,20
137,2017,10,Jaguars,Chargers,20,17
138,2017,10,Lions,Browns,38,24
139,2017,10,Colts,Steelers,17,20
140,2017,10,Bears,Packers,16,23
141,2017,10,Rams,Texans,33,7
142,2017,10,Falcons,Cowboys,27,7
143,2017,10,49ers,Giants,31,21
144,2017,10,Broncos,Patriots,16,41
145,2017,10,Panthers,Dolphins,45,21
146,2017,11,Steelers,Titans,40,17
147,2017,11,Browns,Jaguars,7,19
148,2017,11,Bears,Lions,24,27
149,2017,11,Giants,Chiefs,12,9
150,2017,11,Saints,WFT,34,31
151,2017,11,Vikings,Rams,24,7
152,2017,11,Dolphins,Buccaneers,20,30
153,2017,11,Texans,Cardinals,31,21
154,2017,11,Packers,Ravens,0,23
155,2017,11,Chargers,Bills,54,24
156,2017,11,Raiders,Patriots,8,33
157,2017,11,Broncos,Bengals,17,20
158,2017,11,Cowboys,Eagles,9,37
159,2017,11,Seahawks,Falcons,31,34
160,2017,12,Lions,Vikings,23,30
161,2017,12,Cowboys,Chargers,6,28
162,2017,12,WFT,Giants,20,10
163,2017,12,Eagles,Bears,31,3
164,2017,12,Jets,Panthers,27,35
165,2017,12,Patriots,Dolphins,35,17
166,2017,12,Chiefs,Bills,10,16
167,2017,12,Colts,Titans,16,20
168,2017,12,Bengals,Browns,30,16
169,2017,12,Falcons,Buccaneers,34,20
170,2017,12,49ers,Seahawks,13,24
171,2017,12,Rams,Saints,26,20
172,2017,12,Raiders,Broncos,21,14
173,2017,12,Cardinals,Jaguars,27,24
174,2017,12,Steelers,Packers,31,28
175,2017,12,Ravens,Texans,23,16
176,2017,13,Cowboys,WFT,38,14
177,2017,13,Bills,Patriots,3,23
178,2017,13,Falcons,Vikings,9,14
179,2017,13,Ravens,Lions,44,20
180,2017,13,Titans,Texans,24,13
181,2017,13,Jets,Chiefs,38,31
182,2017,13,Dolphins,Broncos,35,9
183,2017,13,Jaguars,Colts,30,10
184,2017,13,Packers,Buccaneers,26,20
185,2017,13,Bears,49ers,14,15
186,2017,13,Chargers,Browns,19,10
187,2017,13,Raiders,Giants,24,17
188,2017,13,Saints,Panthers,31,21
189,2017,13,Cardinals,Rams,16,32
190,2017,13,Seahawks,Eagles,24,10
191,2017,13,Bengals,Steelers,20,23
192,2017,14,Falcons,Saints,20,17
193,2017,14,Panthers,Vikings,31,24
194,2017,14,Bills,Colts,13,7
195,2017,14,Buccaneers,Lions,21,24
196,2017,14,Giants,Cowboys,10,30
197,2017,14,Chiefs,Raiders,26,15
198,2017,14,Texans,49ers,16,26
199,2017,14,Browns,Packers,21,27
200,2017,14,Bengals,Bears,7,33
201,2017,14,Chargers,WFT,30,13
202,2017,14,Broncos,Jets,23,0
203,2017,14,Cardinals,Titans,12,7
204,2017,14,Rams,Eagles,35,43
205,2017,14,Jaguars,Seahawks,30,24
206,2017,14,Steelers,Ravens,39,38
207,2017,14,Dolphins,Patriots,27,20
208,2017,15,Colts,Broncos,13,25
209,2017,15,Lions,Bears,20,10
210,2017,15,Chiefs,Chargers,30,13
211,2017,15,WFT,Cardinals,20,15
212,2017,15,Giants,Eagles,29,34
213,2017,15,Saints,Jets,31,19
214,2017,15,Vikings,Bengals,34,7
215,2017,15,Jaguars,Texans,45,7
216,2017,15,Browns,Ravens,10,27
217,2017,15,Panthers,Packers,31,24
218,2017,15,Bills,Dolphins,24,16
219,2017,15,Seahawks,Rams,7,42
220,2017,15,49ers,Titans,25,23
221,2017,15,Steelers,Patriots,24,27
222,2017,15,Raiders,Cowboys,17,20
223,2017,15,Buccaneers,Falcons,21,24
224,2017,16,Ravens,Colts,23,16
225,2017,16,Packers,Vikings,0,16
226,2017,16,Panthers,Buccaneers,22,19
227,2017,16,WFT,Broncos,27,11
228,2017,16,Titans,Rams,23,27
229,2017,16,Jets,Chargers,7,14
230,2017,16,Patriots,Bills,37,16
231,2017,16,Saints,Falcons,23,13
232,2017,16,Chiefs,Dolphins,29,13
233,2017,16,Bengals,Lions,26,17
234,2017,16,Bears,Browns,20,3
235,2017,16,49ers,Jaguars,44,33
236,2017,16,Cowboys,Seahawks,12,21
237,2017,16,Cardinals,Giants,23,0
238,2017,16,Texans,Steelers,6,34
239,2017,16,Eagles,Raiders,19,10
240,2017,17,Colts,Texans,22,13
241,2017,17,Steelers,Browns,28,24
242,2017,17,Eagles,Cowboys,0,6
243,2017,17,Giants,WFT,18,10
244,2017,17,Patriots,Jets,26,6
245,2017,17,Vikings,Bears,23,10
246,2017,17,Lions,Packers,35,11
247,2017,17,Broncos,Chiefs,24,27
248,2017,17,Falcons,Panthers,22,10
249,2017,17,Buccaneers,Saints,31,24
250,2017,17,Seahawks,Cardinals,24,26
251,2017,17,Chargers,Raiders,30,10
252,2017,17,Ravens,Bengals,27,31
253,2017,17,Rams,49ers,13,34
254,2017,17,Titans,Jaguars,15,10
255,2017,17,Dolphins,Bills,16,22
256,2018,1,Eagles,Falcons,18,12
257,2018,1,Browns,Steelers,21,21
258,2018,1,Ravens,Bills,47,3
259,2018,1,Giants,Jaguars,15,20
260,2018,1,Patriots,Texans,27,20
261,2018,1,Saints,Buccaneers,40,48
262,2018,1,Vikings,49ers,24,16
263,2018,1,Dolphins,Titans,27,20
264,2018,1,Colts,Bengals,23,34
265,2018,1,Chargers,Chiefs,28,38
266,2018,1,Panthers,Cowboys,16,8
267,2018,1,Broncos,Seahawks,27,24
268,2018,1,Cardinals,WFT,6,24
269,2018,1,Packers,Bears,24,23
270,2018,1,Lions,Jets,17,48
271,2018,1,Raiders,Rams,13,33
272,2018,2,Bengals,Ravens,34,23
273,2018,2,Bills,Chargers,20,31
274,2018,2,Falcons,Panthers,31,24
275,2018,2,WFT,Colts,9,21
276,2018,2,Buccaneers,Eagles,27,21
277,2018,2,Steelers,Chiefs,37,42
278,2018,2,Titans,Texans,20,17
279,2018,2,Jets,Dolphins,12,20
280,2018,2,Saints,Browns,21,18
281,2018,2,Packers,Vikings,29,29
282,2018,2,49ers,Lions,30,27
283,2018,2,Rams,Cardinals,34,0
284,2018,2,Jaguars,Patriots,31,20
285,2018,2,Broncos,Raiders,20,19
286,2018,2,Cowboys,Giants,20,13
287,2018,2,Bears,Seahawks,24,17
288,2018,3,Browns,Jets,21,17
289,2018,3,Panthers,Bengals,31,21
290,2018,3,Falcons,Saints,37,43
291,2018,3,WFT,Packers,31,17
292,2018,3,Ravens,Broncos,27,14
293,2018,3,Eagles,Colts,20,16
294,2018,3,Vikings,Bills,6,27
295,2018,3,Dolphins,Raiders,28,20
296,2018,3,Chiefs,49ers,38,27
297,2018,3,Jaguars,Titans,6,9
298,2018,3,Texans,Giants,22,27
299,2018,3,Rams,Chargers,35,23
300,2018,3,Seahawks,Cowboys,24,13
301,2018,3,Cardinals,Bears,14,16
302,2018,3,Lions,Patriots,26,10
303,2018,3,Buccaneers,Steelers,27,30
304,2018,4,Rams,Vikings,38,31
305,2018,4,Bears,Buccaneers,48,10
306,2018,4,Falcons,Bengals,36,37
307,2018,4,Titans,Eagles,26,23
308,2018,4,Patriots,Dolphins,38,7
309,2018,4,Jaguars,Jets,31,12
310,2018,4,Packers,Bills,22,0
311,2018,4,Cowboys,Lions,26,24
312,2018,4,Colts,Texans,34,37
313,2018,4,Raiders,Browns,45,42
314,2018,4,Cardinals,Seahawks,17,20
315,2018,4,Chargers,49ers,29,27
316,2018,4,Giants,Saints,18,33
317,2018,4,Steelers,Ravens,14,26
318,2018,4,Broncos,Chiefs,23,27
319,2018,5,Patriots,Colts,38,24
320,2018,5,Panthers,Giants,33,31
321,2018,5,Bills,Titans,13,12
322,2018,5,Steelers,Falcons,41,17
323,2018,5,Jets,Broncos,34,16
324,2018,5,Chiefs,Jaguars,30,14
325,2018,5,Lions,Packers,31,23
326,2018,5,Browns,Ravens,12,9
327,2018,5,Bengals,Dolphins,27,17
328,2018,5,Chargers,Raiders,26,10
329,2018,5,49ers,Cardinals,18,28
330,2018,5,Seahawks,Rams,31,33
331,2018,5,Eagles,Vikings,21,23
332,2018,5,Texans,Cowboys,19,16
333,2018,5,Saints,WFT,43,19
334,2018,6,Giants,Eagles,13,34
335,2018,6,Bengals,Steelers,21,28
336,2018,6,Falcons,Buccaneers,34,29
337,2018,6,WFT,Panthers,23,17
338,2018,6,Raiders,Seahawks,3,27
339,2018,6,Jets,Colts,42,34
340,2018,6,Vikings,Cardinals,27,17
341,2018,6,Dolphins,Bears,31,28
342,2018,6,Texans,Bills,20,13
343,2018,6,Browns,Chargers,14,38
344,2018,6,Broncos,Rams,20,23
345,2018,6,Titans,Ravens,0,21
346,2018,6,Cowboys,Jaguars,40,7
347,2018,6,Patriots,Chiefs,43,40
348,2018,6,Packers,49ers,33,30
349,2018,7,Cardinals,Broncos,10,45
350,2018,7,Chargers,Titans,20,19
351,2018,7,Colts,Bills,37,5
352,2018,7,Bears,Patriots,31,38
353,2018,7,Buccaneers,Browns,26,23
354,2018,7,Eagles,Panthers,17,21
355,2018,7,Jets,Vikings,17,37
356,2018,7,Dolphins,Lions,21,32
357,2018,7,Jaguars,Texans,7,20
358,2018,7,Ravens,Saints,23,24
359,2018,7,WFT,Cowboys,20,17
360,2018,7,49ers,Rams,10,39
361,2018,7,Chiefs,Bengals,45,10
362,2018,7,Falcons,Giants,23,20
363,2018,8,Texans,Dolphins,42,23
364,2018,8,Jaguars,Eagles,18,24
365,2018,8,Bears,Jets,24,10
366,2018,8,Panthers,Ravens,36,21
367,2018,8,Steelers,Browns,33,18
368,2018,8,Giants,WFT,13,20
369,2018,8,Chiefs,Broncos,30,23
370,2018,8,Lions,Seahawks,14,28
371,2018,8,Bengals,Buccaneers,37,34
372,2018,8,Raiders,Colts,28,42
373,2018,8,Rams,Packers,29,27
374,2018,8,Cardinals,49ers,18,15
375,2018,8,Vikings,Saints,20,30
376,2018,8,Bills,Patriots,6,25
377,2018,9,49ers,Raiders,34,3
378,2018,9,Panthers,Buccaneers,42,28
379,2018,9,Bills,Bears,9,41
380,2018,9,WFT,Falcons,14,38
381,2018,9,Ravens,Steelers,16,23
382,2018,9,Vikings,Lions,24,9
383,2018,9,Dolphins,Jets,13,6
384,2018,9,Browns,Chiefs,21,37
385,2018,9,Seahawks,Chargers,17,25
386,2018,9,Broncos,Texans,17,19
387,2018,9,Saints,Rams,45,35
388,2018,9,Patriots,Packers,31,17
389,2018,9,Cowboys,Titans,14,28
390,2018,10,Steelers,Panthers,52,21
391,2018,10,Bengals,Saints,14,51
392,2018,10,Bears,Lions,34,22
393,2018,10,Buccaneers,WFT,3,16
394,2018,10,Titans,Patriots,34,10
395,2018,10,Jets,Bills,10,41
396,2018,10,Chiefs,Cardinals,26,14
397,2018,10,Colts,Jaguars,29,26
398,2018,10,Browns,Falcons,28,16
399,2018,10,Raiders,Chargers,6,20
400,2018,10,Rams,Seahawks,36,31
401,2018,10,Packers,Dolphins,31,12
402,2018,10,Eagles,Cowboys,20,27
403,2018,10,49ers,Giants,23,27
404,2018,11,Seahawks,Packers,27,24
405,2018,11,Falcons,Cowboys,19,22
406,2018,11,WFT,Texans,21,23
407,2018,11,Ravens,Bengals,24,21
408,2018,11,Giants,Buccaneers,38,35
409,2018,11,Jaguars,Steelers,16,20
410,2018,11,Lions,Panthers,20,19
411,2018,11,Colts,Titans,38,10
412,2018,11,Chargers,Broncos,22,23
413,2018,11,Cardinals,Raiders,21,23
414,2018,11,Saints,Eagles,48,7
415,2018,11,Bears,Vikings,25,20
416,2018,11,Rams,Chiefs,54,51
417,2018,12,Lions,Bears,16,23
418,2018,12,Cowboys,WFT,31,23
419,2018,12,Saints,Falcons,31,17
420,2018,12,Buccaneers,49ers,27,9
421,2018,12,Ravens,Raiders,34,17
422,2018,12,Eagles,Giants,25,22
423,2018,12,Jets,Patriots,13,27
424,2018,12,Bengals,Browns,20,35
425,2018,12,Panthers,Seahawks,27,30
426,2018,12,Bills,Jaguars,24,21
427,2018,12,Chargers,Cardinals,45,10
428,2018,12,Broncos,Steelers,24,17
429,2018,12,Colts,Dolphins,27,24
430,2018,12,Vikings,Packers,24,17
431,2018,12,Texans,Titans,34,17
432,2018,13,Cowboys,Saints,13,10
433,2018,13,Bengals,Broncos,10,24
434,2018,13,Falcons,Ravens,16,26
435,2018,13,Buccaneers,Panthers,24,17
436,2018,13,Giants,Bears,30,27
437,2018,13,Dolphins,Bills,21,17
438,2018,13,Jaguars,Colts,6,0
439,2018,13,Texans,Browns,29,13
440,2018,13,Packers,Cardinals,17,20
441,2018,13,Lions,Rams,16,30
442,2018,13,Raiders,Chiefs,33,40
443,2018,13,Titans,Jets,26,22
444,2018,13,Seahawks,49ers,43,16
445,2018,13,Patriots,Vikings,24,10
446,2018,13,Steelers,Chargers,30,33
447,2018,13,Eagles,WFT,28,13
448,2018,14,Titans,Jaguars,30,9
449,2018,14,Bills,Jets,23,27
450,2018,14,WFT,Giants,16,40
451,2018,14,Buccaneers,Saints,14,28
452,2018,14,Dolphins,Patriots,34,33
453,2018,14,Chiefs,Ravens,27,24
454,2018,14,Texans,Colts,21,24
455,2018,14,Packers,Falcons,34,20
456,2018,14,Browns,Panthers,26,20
457,2018,14,49ers,Broncos,20,14
458,2018,14,Chargers,Bengals,26,21
459,2018,14,Raiders,Steelers,24,21
460,2018,14,Cowboys,Eagles,29,23
461,2018,14,Cardinals,Lions,3,17
462,2018,14,Bears,Rams,15,6
463,2018,14,Seahawks,Vikings,21,7
464,2018,15,Chiefs,Chargers,28,29
465,2018,15,Jets,Texans,22,29
466,2018,15,Broncos,Browns,16,17
467,2018,15,Ravens,Buccaneers,20,12
468,2018,15,Giants,Titans,0,17
469,2018,15,Vikings,Dolphins,41,17
470,2018,15,Jaguars,WFT,13,16
471,2018,15,Colts,Cowboys,23,0
472,2018,15,Bengals,Raiders,30,16
473,2018,15,Bears,Packers,24,17
474,2018,15,Bills,Lions,14,13
475,2018,15,Falcons,Cardinals,40,14
476,2018,15,49ers,Seahawks,26,23
477,2018,15,Steelers,Patriots,17,10
478,2018,15,Rams,Eagles,23,30
479,2018,15,Panthers,Saints,9,12
480,2018,16,Titans,WFT,25,16
481,2018,16,Chargers,Ravens,10,22
482,2018,16,Panthers,Falcons,10,24
483,2018,16,Eagles,Texans,32,30
484,2018,16,Jets,Packers,38,44
485,2018,16,Patriots,Bills,24,12
486,2018,16,Dolphins,Jaguars,7,17
487,2018,16,Lions,Vikings,9,27
488,2018,16,Cowboys,Buccaneers,27,20
489,2018,16,Colts,Giants,28,27
490,2018,16,Browns,Bengals,26,18
491,2018,16,49ers,Bears,9,14
492,2018,16,Cardinals,Rams,9,31
493,2018,16,Saints,Steelers,31,28
494,2018,16,Seahawks,Chiefs,38,31
495,2018,16,Raiders,Broncos,27,14
496,2018,17,Packers,Lions,0,31
497,2018,17,Bills,Dolphins,42,17
498,2018,17,Buccaneers,Falcons,32,34
499,2018,17,Giants,Cowboys,35,36
500,2018,17,Patriots,Jets,38,3
501,2018,17,Saints,Panthers,14,33
502,2018,17,Texans,Jaguars,20,3
503,2018,17,Broncos,Chargers,9,23
504,2018,17,WFT,Eagles,0,24
505,2018,17,Seahawks,Cardinals,27,24
506,2018,17,Ravens,Browns,26,24
507,2018,17,Rams,49ers,48,32
508,2018,17,Steelers,Bengals,16,13
509,2018,17,Vikings,Bears,10,24
510,2018,17,Chiefs,Raiders,35,3
511,2018,17,Titans,Colts,17,33
512,2019,1,Bears,Packers,3,10
513,2019,1,Browns,Titans,13,43
514,2019,1,Panthers,Rams,27,30
515,2019,1,Eagles,WFT,32,27
516,2019,1,Jets,Bills,16,17
517,2019,1,Vikings,Falcons,28,12
518,2019,1,Dolphins,Ravens,10,59
519,2019,1,Jaguars,Chiefs,26,40
520,2019,1,Seahawks,Bengals,21,20
521,2019,1,Chargers,Colts,30,24
522,2019,1,Buccaneers,49ers,17,31
523,2019,1,Cowboys,Giants,35,17
524,2019,1,Cardinals,Lions,27,27
525,2019,1,Patriots,Steelers,33,3
526,2019,1,Saints,Texans,30,28
527,2019,1,Raiders,Broncos,24,16
528,2019,2,Panthers,Buccaneers,14,20
529,2019,2,Bengals,49ers,17,41
530,2019,2,WFT,Cowboys,21,31
531,2019,2,Ravens,Cardinals,23,17
532,2019,2,Steelers,Seahawks,26,28
533,2019,2,Titans,Colts,17,19
534,2019,2,Giants,Bills,14,28
535,2019,2,Dolphins,Patriots,0,43
536,2019,2,Texans,Jaguars,13,12
537,2019,2,Packers,Vikings,21,16
538,2019,2,Lions,Chargers,13,10
539,2019,2,Raiders,Chiefs,10,28
540,2019,2,Rams,Saints,27,9
541,2019,2,Broncos,Bears,14,16
542,2019,2,Falcons,Eagles,24,20
543,2019,2,Jets,Browns,3,23
544,2019,3,Jaguars,Titans,20,7
545,2019,3,Bills,Bengals,21,17
546,2019,3,Eagles,Lions,24,27
547,2019,3,Patriots,Jets,30,14
548,2019,3,Vikings,Raiders,34,14
549,2019,3,Chiefs,Ravens,33,28
550,2019,3,Packers,Broncos,27,16
551,2019,3,Cowboys,Dolphins,31,6
552,2019,3,Colts,Falcons,27,24
553,2019,3,Buccaneers,Giants,31,32
554,2019,3,Cardinals,Panthers,20,38
555,2019,3,49ers,Steelers,24,20
556,2019,3,Seahawks,Saints,27,33
557,2019,3,Chargers,Texans,20,27
558,2019,3,Browns,Rams,13,20
559,2019,3,WFT,Bears,15,31
560,2019,4,Packers,Eagles,27,34
561,2019,4,Bills,Patriots,10,16
562,2019,4,Falcons,Titans,10,24
563,2019,4,Ravens,Browns,25,40
564,2019,4,Giants,WFT,24,3
565,2019,4,Dolphins,Chargers,10,30
566,2019,4,Texans,Panthers,10,16
567,2019,4,Lions,Chiefs,30,34
568,2019,4,Colts,Raiders,24,31
569,2019,4,Rams,Buccaneers,40,55
570,2019,4,Cardinals,Seahawks,10,27
571,2019,4,Broncos,Jaguars,24,26
572,2019,4,Bears,Vikings,16,6
573,2019,4,Saints,Cowboys,12,10
574,2019,4,Steelers,Bengals,27,3
575,2019,5,Seahawks,Rams,30,29
576,2019,5,Bengals,Cardinals,23,26
577,2019,5,Panthers,Jaguars,34,27
578,2019,5,WFT,Patriots,7,33
579,2019,5,Raiders,Bears,24,21
580,2019,5,Steelers,Ravens,23,26
581,2019,5,Eagles,Jets,31,6
582,2019,5,Titans,Bills,7,14
583,2019,5,Giants,Vikings,10,28
584,2019,5,Saints,Buccaneers,31,24
585,2019,5,Texans,Falcons,53,32
586,2019,5,Chargers,Broncos,13,20
587,2019,5,Cowboys,Packers,24,34
588,2019,5,Chiefs,Colts,13,19
589,2019,5,49ers,Browns,31,3
590,2019,6,Patriots,Giants,35,14
591,2019,6,Buccaneers,Panthers,26,37
592,2019,6,Browns,Seahawks,28,32
593,2019,6,Ravens,Bengals,23,17
594,2019,6,Vikings,Eagles,38,20
595,2019,6,Dolphins,WFT,16,17
596,2019,6,Chiefs,Texans,24,31
597,2019,6,Jaguars,Saints,6,13
598,2019,6,Cardinals,Falcons,34,33
599,2019,6,Rams,49ers,7,20
600,2019,6,Jets,Cowboys,24,22
601,2019,6,Broncos,Titans,16,0
602,2019,6,Chargers,Steelers,17,24
603,2019,6,Packers,Lions,23,22
604,2019,7,Broncos,Chiefs,6,30
605,2019,7,Bills,Dolphins,31,21
606,2019,7,Falcons,Rams,10,37
607,2019,7,WFT,49ers,0,9
608,2019,7,Giants,Cardinals,21,27
609,2019,7,Packers,Raiders,42,24
610,2019,7,Lions,Vikings,30,42
611,2019,7,Colts,Texans,30,23
612,2019,7,Bengals,Jaguars,17,27
613,2019,7,Titans,Chargers,23,20
614,2019,7,Seahawks,Ravens,16,30
615,2019,7,Bears,Saints,25,36
616,2019,7,Cowboys,Eagles,37,10
617,2019,7,Jets,Patriots,0,33
618,2019,8,Vikings,WFT,19,9
619,2019,8,Bills,Eagles,13,31
620,2019,8,Falcons,Seahawks,20,27
621,2019,8,Rams,Bengals,24,10
622,2019,8,Titans,Buccaneers,27,23
623,2019,8,Saints,Cardinals,31,9
624,2019,8,Jaguars,Jets,29,15
625,2019,8,Lions,Giants,31,26
626,2019,8,Colts,Broncos,15,13
627,2019,8,Bears,Chargers,16,17
628,2019,8,49ers,Panthers,51,13
629,2019,8,Patriots,Browns,27,13
630,2019,8,Texans,Raiders,27,24
631,2019,8,Chiefs,Packers,24,31
632,2019,8,Steelers,Dolphins,27,14
633,2019,9,Cardinals,49ers,25,28
634,2019,9,Jaguars,Texans,3,26
635,2019,9,Panthers,Titans,30,20
636,2019,9,Bills,WFT,24,9
637,2019,9,Steelers,Colts,26,24
638,2019,9,Eagles,Bears,22,14
639,2019,9,Dolphins,Jets,26,18
640,2019,9,Chiefs,Vikings,26,23
641,2019,9,Seahawks,Buccaneers,40,34
642,2019,9,Raiders,Lions,31,24
643,2019,9,Chargers,Packers,26,11
644,2019,9,Broncos,Browns,24,19
645,2019,9,Ravens,Patriots,37,20
646,2019,9,Giants,Cowboys,18,37
647,2019,10,Raiders,Chargers,26,24
648,2019,10,Bengals,Ravens,13,49
649,2019,10,Bears,Lions,20,13
650,2019,10,Buccaneers,Cardinals,30,27
651,2019,10,Titans,Chiefs,35,32
652,2019,10,Jets,Giants,34,27
653,2019,10,Saints,Falcons,9,26
654,2019,10,Browns,Bills,19,16
655,2019,10,Colts,Dolphins,12,16
656,2019,10,Steelers,Rams,17,12
657,2019,10,Packers,Panthers,24,16
658,2019,10,Cowboys,Vikings,24,28
659,2019,10,49ers,Seahawks,24,27
660,2019,11,Browns,Steelers,21,7
661,2019,11,Colts,Jaguars,33,13
662,2019,11,Panthers,Falcons,3,29
663,2019,11,WFT,Jets,17,34
664,2019,11,Buccaneers,Saints,17,34
665,2019,11,Ravens,Texans,41,7
666,2019,11,Vikings,Broncos,27,23
667,2019,11,Dolphins,Bills,20,37
668,2019,11,Lions,Cowboys,27,35
669,2019,11,49ers,Cardinals,36,26
670,2019,11,Raiders,Bengals,17,10
671,2019,11,Eagles,Patriots,10,17
672,2019,11,Rams,Bears,17,7
673,2019,11,Chargers,Chiefs,17,24
674,2019,12,Texans,Colts,20,17
675,2019,12,Bills,Broncos,20,3
676,2019,12,Falcons,Buccaneers,22,35
677,2019,12,WFT,Lions,19,16
678,2019,12,Eagles,Seahawks,9,17
679,2019,12,Jets,Raiders,34,3
680,2019,12,Saints,Panthers,34,31
681,2019,12,Browns,Dolphins,41,24
682,2019,12,Bengals,Steelers,10,16
683,2019,12,Bears,Giants,19,14
684,2019,12,Titans,Jaguars,42,20
685,2019,12,Patriots,Cowboys,13,9
686,2019,12,49ers,Packers,37,8
687,2019,12,Rams,Ravens,6,45
688,2019,13,Lions,Bears,20,24
689,2019,13,Cowboys,Bills,15,26
690,2019,13,Falcons,Saints,18,26
691,2019,13,Ravens,49ers,20,17
692,2019,13,Steelers,Browns,20,13
693,2019,13,Giants,Packers,13,31
694,2019,13,Dolphins,Eagles,37,31
695,2019,13,Jaguars,Buccaneers,11,28
696,2019,13,Colts,Titans,17,31
697,2019,13,Bengals,Jets,22,6
698,2019,13,Panthers,WFT,21,29
699,2019,13,Cardinals,Rams,7,34
700,2019,13,Chiefs,Raiders,40,9
701,2019,13,Broncos,Chargers,23,20
702,2019,13,Texans,Patriots,28,22
703,2019,13,Seahawks,Vikings,37,30
704,2019,14,Bears,Cowboys,31,24
705,2019,14,Bills,Ravens,17,24
706,2019,14,Falcons,Panthers,40,20
707,2019,14,Buccaneers,Colts,38,35
708,2019,14,Jets,Dolphins,22,21
709,2019,14,Saints,49ers,46,48
710,2019,14,Vikings,Lions,20,7
711,2019,14,Texans,Broncos,24,38
712,2019,14,Packers,WFT,20,15
713,2019,14,Browns,Bengals,27,19
714,2019,14,Jaguars,Chargers,10,45
715,2019,14,Raiders,Titans,21,42
716,2019,14,Patriots,Chiefs,16,23
717,2019,14,Cardinals,Steelers,17,23
718,2019,14,Rams,Seahawks,28,12
719,2019,14,Eagles,Giants,23,17
720,2019,15,Ravens,Jets,42,21
721,2019,15,Bengals,Patriots,13,34
722,2019,15,Panthers,Seahawks,24,30
723,2019,15,WFT,Eagles,27,37
724,2019,15,Titans,Texans,21,24
725,2019,15,Giants,Dolphins,36,20
726,2019,15,Chiefs,Broncos,23,3
727,2019,15,Packers,Bears,21,13
728,2019,15,Lions,Buccaneers,17,38
729,2019,15,Chargers,Vikings,10,39
730,2019,15,Raiders,Jaguars,16,20
731,2019,15,Cardinals,Browns,38,24
732,2019,15,49ers,Falcons,22,29
733,2019,15,Cowboys,Rams,44,21
734,2019,15,Steelers,Bills,10,17
735,2019,15,Saints,Colts,34,7
736,2019,16,Buccaneers,Texans,20,23
737,2019,16,Patriots,Bills,24,17
738,2019,16,49ers,Rams,34,31
739,2019,16,WFT,Giants,35,41
740,2019,16,Titans,Saints,28,38
741,2019,16,Jets,Steelers,16,10
742,2019,16,Dolphins,Bengals,38,35
743,2019,16,Colts,Panthers,38,6
744,2019,16,Browns,Ravens,15,31
745,2019,16,Falcons,Jaguars,24,12
746,2019,16,Chargers,Raiders,17,24
747,2019,16,Broncos,Lions,27,17
748,2019,16,Seahawks,Cardinals,13,27
749,2019,16,Eagles,Cowboys,17,9
750,2019,16,Bears,Chiefs,3,26
751,2019,16,Vikings,Packers,10,23
752,2019,17,Bengals,Browns,33,23
753,2019,17,Panthers,Saints,10,42
754,2019,17,Bills,Jets,6,13
755,2019,17,Buccaneers,Falcons,22,28
756,2019,17,Patriots,Dolphins,24,27
757,2019,17,Vikings,Bears,19,21
758,2019,17,Chiefs,Chargers,31,21
759,2019,17,Lions,Packers,20,23
760,2019,17,Ravens,Steelers,28,10
761,2019,17,Rams,Cardinals,31,24
762,2019,17,Giants,Eagles,17,34
763,2019,17,Jaguars,Colts,38,20
764,2019,17,Texans,Titans,14,35
765,2019,17,Broncos,Raiders,16,15
766,2019,17,Cowboys,WFT,47,16
767,2019,17,Seahawks,49ers,21,26
768,2020,1,Chiefs,Texans,34,20
769,2020,1,Bills,Jets,27,17
770,2020,1,Falcons,Seahawks,25,38
771,2020,1,WFT,Eagles,27,17
772,2020,1,Ravens,Browns,38,6
773,2020,1,Patriots,Dolphins,21,11
774,2020,1,Vikings,Packers,34,43
775,2020,1,Jaguars,Colts,27,20
776,2020,1,Lions,Bears,23,27
777,2020,1,Panthers,Raiders,30,34
778,2020,1,Bengals,Chargers,13,16
779,2020,1,49ers,Cardinals,20,24
780,2020,1,Saints,Buccaneers,34,23
781,2020,1,Rams,Cowboys,20,17
782,2020,1,Giants,Steelers,16,26
783,2020,1,Broncos,Titans,14,16
784,2020,2,Browns,Bengals,35,30
785,2020,2,Colts,Vikings,28,11
786,2020,2,Bears,Giants,17,13
787,2020,2,Buccaneers,Panthers,31,17
788,2020,2,Steelers,Broncos,26,21
789,2020,2,Eagles,Rams,19,37
790,2020,2,Titans,Jaguars,33,30
791,2020,2,Jets,49ers,13,31
792,2020,2,Dolphins,Bills,28,31
793,2020,2,Packers,Lions,42,21
794,2020,2,Cowboys,Falcons,40,39
795,2020,2,Cardinals,WFT,30,15
796,2020,2,Chargers,Chiefs,20,23
797,2020,2,Texans,Ravens,16,33
798,2020,2,Seahawks,Patriots,35,30
799,2020,2,Raiders,Saints,34,24
800,2020,3,Jaguars,Dolphins,13,31
801,2020,3,Bills,Rams,35,32
802,2020,3,Falcons,Bears,26,30
803,2020,3,Steelers,Texans,28,21
804,2020,3,Eagles,Bengals,23,23
805,2020,3,Giants,49ers,9,36
806,2020,3,Patriots,Raiders,36,20
807,2020,3,Vikings,Titans,30,31
808,2020,3,Browns,WFT,34,20
809,2020,3,Chargers,Panthers,16,21
810,2020,3,Colts,Jets,36,7
811,2020,3,Seahawks,Cowboys,38,31
812,2020,3,Broncos,Buccaneers,10,28
813,2020,3,Cardinals,Lions,23,26
814,2020,3,Saints,Packers,30,37
815,2020,3,Ravens,Chiefs,20,34
816,2020,4,Jets,Broncos,28,37
817,2020,4,Bears,Colts,11,19
818,2020,4,Panthers,Cardinals,31,21
819,2020,4,WFT,Ravens,17,31
820,2020,4,Buccaneers,Chargers,38,31
821,2020,4,Dolphins,Seahawks,23,31
822,2020,4,Texans,Vikings,23,31
823,2020,4,Lions,Saints,29,35
824,2020,4,Cowboys,Browns,38,49
825,2020,4,Bengals,Jaguars,33,25
826,2020,4,Rams,Giants,17,9
827,2020,4,Raiders,Bills,23,30
828,2020,4,49ers,Eagles,20,25
829,2020,4,Chiefs,Patriots,26,10
830,2020,4,Packers,Falcons,30,16
831,2020,5,Bears,Buccaneers,20,19
832,2020,5,Falcons,Panthers,16,23
833,2020,5,WFT,Rams,10,30
834,2020,5,Ravens,Bengals,27,3
835,2020,5,Steelers,Eagles,38,29
836,2020,5,Jets,Cardinals,10,30
837,2020,5,Chiefs,Raiders,32,40
838,2020,5,Texans,Jaguars,30,14
839,2020,5,49ers,Dolphins,17,43
840,2020,5,Browns,Colts,32,23
841,2020,5,Cowboys,Giants,37,34
842,2020,5,Seahawks,Vikings,27,26
843,2020,5,Saints,Chargers,30,27
844,2020,5,Titans,Bills,42,16
845,2020,6,Jaguars,Lions,16,34
846,2020,6,Colts,Bengals,31,27
847,2020,6,Panthers,Bears,16,23
848,2020,6,Steelers,Browns,38,7
849,2020,6,Eagles,Ravens,28,30
850,2020,6,Titans,Texans,42,36
851,2020,6,Giants,WFT,20,19
852,2020,6,Patriots,Broncos,12,18
853,2020,6,Vikings,Falcons,23,40
854,2020,6,Dolphins,Jets,24,0
855,2020,6,Buccaneers,Packers,38,10
856,2020,6,49ers,Rams,24,16
857,2020,6,Bills,Chiefs,17,26
858,2020,6,Cowboys,Cardinals,10,38
859,2020,7,Eagles,Giants,22,21
860,2020,7,Bengals,Browns,34,37
861,2020,7,Falcons,Lions,22,23
862,2020,7,WFT,Cowboys,25,3
863,2020,7,Titans,Steelers,24,27
864,2020,7,Jets,Bills,10,18
865,2020,7,Saints,Panthers,27,24
866,2020,7,Texans,Packers,20,35
867,2020,7,Raiders,Buccaneers,20,45
868,2020,7,Chargers,Jaguars,39,29
869,2020,7,Patriots,49ers,6,33
870,2020,7,Broncos,Chiefs,16,43
871,2020,7,Cardinals,Seahawks,37,34
872,2020,7,Rams,Bears,24,10
873,2020,8,Panthers,Falcons,17,25
874,2020,8,Bills,Patriots,24,21
875,2020,8,Ravens,Steelers,24,28
876,2020,8,Dolphins,Rams,28,17
877,2020,8,Chiefs,Jets,35,9
878,2020,8,Packers,Vikings,22,28
879,2020,8,Lions,Colts,21,41
880,2020,8,Browns,Raiders,6,16
881,2020,8,Bengals,Titans,31,20
882,2020,8,Broncos,Chargers,31,30
883,2020,8,Bears,Saints,23,26
884,2020,8,Seahawks,49ers,37,27
885,2020,8,Eagles,Cowboys,23,9
886,2020,8,Giants,Buccaneers,23,25
887,2020,9,49ers,Packers,17,34
888,2020,9,Bills,Seahawks,44,34
889,2020,9,Falcons,Broncos,34,27
890,2020,9,WFT,Giants,20,23
891,2020,9,Titans,Bears,24,17
892,2020,9,Vikings,Lions,34,20
893,2020,9,Chiefs,Panthers,33,31
894,2020,9,Jaguars,Texans,25,27
895,2020,9,Colts,Ravens,10,24
896,2020,9,Chargers,Raiders,26,31
897,2020,9,Cowboys,Steelers,19,24
898,2020,9,Cardinals,Dolphins,31,34
899,2020,9,Buccaneers,Saints,3,38
900,2020,9,Jets,Patriots,27,30
901,2020,10,Titans,Colts,17,34
902,2020,10,Browns,Texans,10,7
903,2020,10,Panthers,Buccaneers,23,46
904,2020,10,Giants,Eagles,27,17
905,2020,10,Packers,Jaguars,24,20
906,2020,10,Lions,WFT,30,27
907,2020,10,Raiders,Broncos,37,12
908,2020,10,Dolphins,Chargers,29,21
909,2020,10,Cardinals,Bills,32,30
910,2020,10,Rams,Seahawks,23,16
911,2020,10,Steelers,Bengals,36,10
912,2020,10,Saints,49ers,27,13
913,2020,10,Patriots,Ravens,23,17
914,2020,10,Bears,Vikings,13,19
915,2020,11,Seahawks,Cardinals,28,21
916,2020,11,Browns,Eagles,22,17
917,2020,11,Panthers,Lions,20,0
918,2020,11,WFT,Bengals,20,9
919,2020,11,Ravens,Titans,24,30
920,2020,11,Saints,Falcons,24,9
921,2020,11,Jaguars,Steelers,3,27
922,2020,11,Texans,Patriots,27,20
923,2020,11,Chargers,Jets,34,28
924,2020,11,Broncos,Dolphins,20,13
925,2020,11,Vikings,Cowboys,28,31
926,2020,11,Colts,Packers,34,31
927,2020,11,Raiders,Chiefs,31,35
928,2020,11,Buccaneers,Rams,24,27
929,2020,12,Lions,Texans,25,41
930,2020,12,Cowboys,WFT,16,41
931,2020,12,Falcons,Raiders,43,6
932,2020,12,Jets,Dolphins,3,20
933,2020,12,Patriots,Cardinals,20,17
934,2020,12,Vikings,Panthers,28,27
935,2020,12,Jaguars,Browns,25,27
936,2020,12,Colts,Titans,26,45
937,2020,12,Bengals,Giants,17,19
938,2020,12,Bills,Chargers,27,17
939,2020,12,Rams,49ers,20,23
940,2020,12,Broncos,Saints,3,31
941,2020,12,Buccaneers,Chiefs,24,27
942,2020,12,Packers,Bears,41,25
943,2020,12,Eagles,Seahawks,17,23
944,2020,12,Steelers,Ravens,19,14
945,2020,13,Bears,Lions,30,34
946,2020,13,Falcons,Saints,16,21
947,2020,13,Titans,Browns,35,41
948,2020,13,Jets,Raiders,28,31
949,2020,13,Vikings,Jaguars,27,24
950,2020,13,Dolphins,Bengals,19,7
951,2020,13,Texans,Colts,20,26
952,2020,13,Cardinals,Rams,28,38
953,2020,13,Seahawks,Giants,12,17
954,2020,13,Chargers,Patriots,0,45
955,2020,13,Packers,Eagles,30,16
956,2020,13,Chiefs,Broncos,22,16
957,2020,13,Steelers,WFT,17,23
958,2020,13,49ers,Bills,24,34
959,2020,13,Ravens,Cowboys,34,17
960,2020,14,Rams,Patriots,24,3
961,2020,14,Panthers,Broncos,27,32
962,2020,14,Buccaneers,Vikings,26,14
963,2020,14,Giants,Cardinals,7,26
964,2020,14,Dolphins,Chiefs,27,33
965,2020,14,Jaguars,Titans,10,31
966,2020,14,Bengals,Cowboys,7,30
967,2020,14,Bears,Texans,36,7
968,2020,14,Seahawks,Jets,40,3
969,2020,14,Raiders,Colts,27,44
970,2020,14,49ers,WFT,15,23
971,2020,14,Chargers,Falcons,20,17
972,2020,14,Eagles,Saints,24,21
973,2020,14,Lions,Packers,24,31
974,2020,14,Bills,Steelers,26,15
975,2020,14,Browns,Ravens,42,47
976,2020,15,Raiders,Chargers,27,30
977,2020,15,Broncos,Bills,19,48
978,2020,15,Packers,Panthers,24,16
979,2020,15,WFT,Seahawks,15,20
980,2020,15,Ravens,Jaguars,40,14
981,2020,15,Titans,Lions,46,25
982,2020,15,Vikings,Bears,27,33
983,2020,15,Dolphins,Patriots,22,12
984,2020,15,Cowboys,49ers,41,33
985,2020,15,Colts,Texans,27,20
986,2020,15,Falcons,Buccaneers,27,31
987,2020,15,Rams,Jets,20,23
988,2020,15,Cardinals,Eagles,33,26
989,2020,15,Saints,Chiefs,29,32
990,2020,15,Giants,Browns,6,20
991,2020,15,Bengals,Steelers,27,17
992,2020,16,Saints,Vikings,52,33
993,2020,16,Lions,Buccaneers,7,47
994,2020,16,Cardinals,49ers,12,20
995,2020,16,Raiders,Dolphins,25,26
996,2020,16,Ravens,Giants,27,13
997,2020,16,Steelers,Colts,28,24
998,2020,16,Jets,Browns,23,16
999,2020,16,Chiefs,Falcons,17,14
1000,2020,16,Jaguars,Bears,17,41
1001,2020,16,Texans,Bengals,31,37
1002,2020,16,WFT,Panthers,13,20
1003,2020,16,Chargers,Broncos,19,16
1004,2020,16,Seahawks,Rams,20,9
1005,2020,16,Cowboys,Eagles,37,17
1006,2020,16,Packers,Titans,40,14
1007,2020,16,Patriots,Bills,9,38
1008,2020,17,Bills,Dolphins,56,26
1009,2020,17,Buccaneers,Falcons,44,27
1010,2020,17,Giants,Cowboys,23,19
1011,2020,17,Patriots,Jets,28,14
1012,2020,17,Lions,Vikings,35,37
1013,2020,17,Browns,Steelers,24,22
1014,2020,17,Bengals,Ravens,3,38
1015,2020,17,Bears,Packers,16,35
1016,2020,17,Panthers,Saints,7,33
1017,2020,17,49ers,Seahawks,23,26
1018,2020,17,Rams,Cardinals,18,7
1019,2020,17,Chiefs,Chargers,21,38
1020,2020,17,Texans,Titans,38,41
1021,2020,17,Broncos,Raiders,31,32
1022,2020,17,Colts,Jaguars,28,14
1023,2020,17,Eagles,WFT,14,20
